,City Name,Cloudiness,Country,Date,Humidity,Lat,Lng,Max Temp,Wind Speed
0,Derzhavinsk,0,KZ,1563026815,37,51.1,66.31,80.56,12.86
1,Hobart,20,AU,1563026532,95,-42.88,147.33,42.8,11.41
2,Nome,75,US,1563026817,74,30.04,-94.42,82.99,18.34
3,Boende,61,CD,1563026818,72,-0.28,20.88,83.26,2.19
4,Celestun,100,MX,1563026819,77,20.87,-90.4,80.92,10.56
5,Nara,75,JP,1563026821,94,34.68,135.8,71.6,4.7
6,Kapaa,40,US,1563026822,78,22.08,-159.32,78.8,13.87
7,Atuona,8,PF,1563026824,79,-9.8,-139.03,79.3,12.28
8,Chokurdakh,67,RU,1563026825,65,70.62,147.9,47.08,5.01
9,Castro,0,CL,1563026653,100,-42.48,-73.76,42.8,11.41
10,Coquimbo,0,CL,1563026736,65,-29.95,-71.34,44.6,6.93
11,Bredasdorp,10,ZA,1563026828,60,-34.53,20.04,68.0,8.05
12,Saint-Philippe,40,CA,1563026830,88,45.36,-73.48,77.0,16.11
13,East London,0,ZA,1563026816,72,-33.02,27.91,64.4,9.17
14,Sabha,0,LY,1563026832,6,27.03,14.43,109.54,17.9
15,Qixingtai,0,CN,1563026834,85,30.41,111.89,75.99,1.77
16,Karratha,0,AU,1563026835,20,-20.74,116.85,68.68,12.26
17,Ushuaia,75,AR,1563026836,86,-54.81,-68.31,41.0,3.36
18,Busselton,0,AU,1563026837,61,-33.64,115.35,46.0,16.6
19,Namatanai,53,PG,1563026839,80,-3.66,152.44,78.22,6.53
20,Upernavik,100,GL,1563026840,80,72.79,-56.15,45.64,9.13
21,Beyneu,17,KZ,1563026841,26,45.32,55.19,99.28,15.57
22,Punta Arenas,90,CL,1563026843,100,-53.16,-70.91,41.0,14.99
23,Ancud,0,CL,1563026844,100,-41.87,-73.83,42.8,11.41
24,Airai,55,TL,1563026845,83,-8.93,125.41,68.5,5.46
25,Bambous Virieux,75,MU,1563026846,53,-20.34,57.76,73.4,10.29
26,Vila Velha,75,BR,1563026848,83,-3.71,-38.6,86.0,8.05
27,Tuktoyaktuk,61,CA,1563026849,79,69.44,-133.03,41.32,4.63
28,Srednekolymsk,92,RU,1563026850,58,67.46,153.71,69.76,8.25
29,Playa del Carmen,75,MX,1563026732,83,20.63,-87.08,86.0,4.7
30,Ust-Nera,0,RU,1563026853,68,64.57,143.24,57.16,2.75
31,Jamestown,0,AU,1563026855,92,-33.21,138.6,39.88,1.57
32,Acari,100,BR,1563026856,45,-6.44,-36.64,85.96,11.7
33,Merin,82,NG,1563026857,77,7.55,3.99,80.92,6.08
34,Hailar,7,CN,1563026858,76,49.2,119.7,65.62,9.26
35,Qeshm,0,IR,1563026860,67,26.96,56.27,100.4,9.17
36,Praia da Vitoria,20,PT,1563026861,61,38.73,-27.07,82.4,12.84
37,Vaini,75,IN,1563026862,83,15.34,74.49,75.2,11.41
38,Kalulushi,0,ZM,1563026864,21,-12.84,28.09,76.24,2.15
39,Gondar,40,PT,1563026866,83,41.82,-8.78,75.0,4.7
40,Lebu,100,ET,1563026867,83,8.96,38.73,61.48,2.86
41,Pevek,93,RU,1563026868,96,69.7,170.27,37.54,3.74
42,Inuvik,20,CA,1563026869,76,68.36,-133.71,51.8,4.7
43,Ajdabiya,0,LY,1563026800,78,30.75,20.22,78.4,15.43
44,Changji,0,CN,1563026872,81,32.07,116.17,73.0,6.49
45,Hervey Bay,59,AU,1563026873,41,-25.3,152.85,60.8,8.05
46,Havre-Saint-Pierre,90,CA,1563026874,100,50.23,-63.6,53.6,11.41
47,Kayasula,16,RU,1563026876,39,44.33,45.0,77.68,5.1
48,San Cristobal,100,HN,1563026877,54,14.68,-86.92,76.78,7.43
49,Mataura,100,NZ,1563026878,96,-46.19,168.86,46.0,1.99
50,Georgetown,75,GY,1563026593,79,6.8,-58.16,84.2,13.87
51,Mountain Home,90,US,1563026881,63,43.13,-115.69,71.01,3.36
52,Hermanus,0,ZA,1563026882,70,-34.42,19.24,66.99,4.0
53,Roald,75,NO,1563026883,76,62.58,6.12,60.01,9.17
54,Omsukchan,93,RU,1563026885,65,62.53,155.8,58.42,1.61
55,Lucapa,20,AO,1563026886,19,-8.42,20.74,90.1,3.11
56,Port Elizabeth,1,US,1563026887,69,39.31,-74.98,82.0,5.82
57,Faanui,0,PF,1563026889,73,-16.48,-151.75,77.5,6.08
58,Sungaipenuh,94,ID,1563026770,97,-2.08,101.38,74.8,1.45
59,Caravelas,2,BR,1563026701,61,-17.73,-39.27,77.68,5.03
60,Constitucion,20,MX,1563026892,100,23.99,-104.67,64.99,3.36
61,Rikitea,27,PF,1563026893,84,-23.12,-134.97,74.44,13.73
62,Cape Town,0,ZA,1563026660,52,-33.93,18.42,66.2,3.36
63,Moose Factory,90,CA,1563026896,93,51.26,-80.61,53.6,3.36
64,Zhangjiakou,5,CN,1563026897,55,40.77,114.88,63.1,3.38
65,Wageningen,75,NL,1563026898,72,51.98,5.66,71.01,6.93
66,Cherskiy,18,RU,1563026900,89,68.75,161.3,43.12,16.13
67,Hilo,40,US,1563026885,68,19.71,-155.08,69.8,5.82
68,Richards Bay,0,ZA,1563026902,76,-28.77,32.06,71.38,24.7
69,San Buenaventura,20,MX,1563026903,50,27.06,-101.55,84.99,5.82
70,Lunino,8,RU,1563026904,35,53.59,45.22,80.01,5.82
71,Kaitangata,100,NZ,1563026906,75,-46.28,169.85,50.0,3.0
72,Aksarka,100,RU,1563026907,58,66.56,67.8,65.8,10.49
73,Tiksi,96,RU,1563026908,67,71.64,128.87,45.28,10.6
74,Comodoro Rivadavia,0,AR,1563026910,57,-45.87,-67.48,48.2,6.93
75,Laukaa,90,FI,1563026911,50,62.42,25.95,57.2,5.82
76,Honningsvag,68,NO,1563026912,81,70.98,25.97,44.56,8.75
77,Cayenne,32,GF,1563026816,70,4.94,-52.33,84.2,5.82
78,Tarakan,75,ID,1563026915,88,3.3,117.63,78.8,9.17
79,Rocha,49,UY,1563026916,81,-34.48,-54.34,54.28,10.69
80,Ulcinj,20,ME,1563026870,42,41.93,19.22,82.4,6.93
81,Mogadishu,75,SO,1563026879,66,2.04,45.34,84.2,20.8
82,Kharan,3,PK,1563026923,12,28.58,65.42,101.26,11.16
83,Saskylakh,85,RU,1563026924,63,71.97,114.09,54.64,7.85
84,Pontes e Lacerda,41,BR,1563026925,30,-15.23,-59.33,91.18,3.58
85,Kendari,12,ID,1563026927,95,-3.99,122.52,69.58,1.88
86,Talnakh,75,RU,1563026928,87,69.49,88.39,51.8,6.71
87,Iralaya,75,HN,1563026929,83,15.0,-83.23,80.6,5.68
88,Muros,40,ES,1563026931,78,42.77,-9.06,78.01,6.93
89,Ribeira Brava,75,PT,1563026932,73,32.65,-17.07,73.99,12.75
90,Suamico,1,US,1563026933,69,44.63,-88.04,80.01,5.82
91,Hamilton,75,CA,1563026933,88,43.26,-79.87,79.0,13.87
92,Bluff,96,AU,1563026885,64,-23.58,149.07,55.72,8.7
93,Surat,40,IN,1563026937,84,21.19,72.81,86.0,10.29
94,Thompson,75,CA,1563026938,72,55.74,-97.86,62.6,6.93
95,Verkhniy Avzyan,100,RU,1563026939,76,53.53,57.54,67.78,6.44
96,Albany,75,US,1563026702,73,42.65,-73.75,77.0,4.7
97,Severo-Kurilsk,72,RU,1563026942,96,50.68,156.12,43.66,15.26
98,Maniitsoq,100,GL,1563026943,92,65.42,-52.9,42.76,14.47
99,Humaita,75,AR,1563026945,87,-24.93,-65.37,59.0,2.17
100,San Quintin,34,PH,1563026751,85,17.54,120.52,76.78,2.15
101,Turayf,0,SA,1563026947,20,31.68,38.65,95.0,13.87
102,Kavaratti,60,IN,1563026948,76,10.57,72.64,83.44,11.92
103,Pilot Butte,5,CA,1563026950,100,50.48,-104.42,64.0,5.82
104,Sturgeon Falls,75,CA,1563026878,88,46.36,-79.93,70.0,5.82
105,Vostok,63,RU,1563026952,83,46.45,135.83,57.34,3.83
106,Turukhansk,15,RU,1563026954,70,65.8,87.96,59.14,12.08
107,Grindavik,75,IS,1563026955,87,63.84,-22.43,55.4,10.29
108,Ahome,40,MX,1563026956,65,25.92,-109.18,82.99,12.75
109,Valdivia,75,CL,1563026957,100,-39.81,-73.25,48.2,5.82
110,Victoria,75,BN,1563026915,83,5.28,115.24,78.8,3.36
111,Leningradskiy,81,RU,1563026960,91,69.38,178.42,40.6,9.33
112,Barrow,0,AR,1563026915,49,-38.31,-60.23,52.12,4.56
113,Batagay-Alyta,88,RU,1563026962,94,67.8,130.41,49.42,1.61
114,Port Alfred,0,ZA,1563026964,84,-33.59,26.89,64.0,1.99
115,Wajima,100,JP,1563026965,84,37.4,136.9,71.74,7.7
116,Luganville,77,VU,1563026966,97,-15.51,167.18,71.2,2.64
117,Prince George,20,CA,1563026968,93,53.92,-122.75,60.01,4.7
118,Rancharia,0,BR,1563026969,31,-22.23,-50.89,77.0,6.93
119,San Carlos de Bariloche,40,AR,1563026910,94,-41.13,-71.31,37.4,12.75
120,Arraial do Cabo,0,BR,1563026972,73,-22.97,-42.02,73.4,5.82
121,Ostrovnoy,2,RU,1563026973,64,68.05,39.51,48.88,7.92
122,Butaritari,83,KI,1563026974,70,3.07,172.79,83.44,11.97
123,Tual,77,ID,1563026848,78,-5.67,132.75,77.14,18.86
124,Alamogordo,1,US,1563026977,36,32.9,-105.96,81.0,4.7
125,Barbalha,0,BR,1563026978,34,-7.31,-39.3,82.4,14.99
126,Tilichiki,0,RU,1563026979,95,60.47,166.1,44.92,3.27
127,Bargi,100,IN,1563026980,58,22.99,79.88,86.0,9.17
128,Pitimbu,75,BR,1563026982,74,-7.47,-34.81,82.4,4.7
129,Piranhas,16,BR,1563026983,51,-9.61,-37.76,83.62,9.06
130,Tuatapere,100,NZ,1563026888,96,-46.13,167.69,46.0,1.99
131,Lorengau,98,PG,1563026986,82,-2.02,147.27,78.94,12.41
132,Shingu,100,JP,1563026987,99,33.72,135.99,67.24,7.47
133,Aykhal,90,RU,1563026989,77,65.95,111.51,62.6,4.47
134,Saint-Medard-en-Jalles,0,FR,1563026990,39,44.9,-0.72,93.99,5.82
135,Fortuna,90,US,1563026991,93,40.6,-124.16,59.0,3.36
136,Provideniya,35,RU,1563026991,67,64.42,-173.23,57.88,3.15
137,Gambela,96,ET,1563026994,95,8.25,34.59,73.18,1.14
138,Minsk,40,BY,1563026995,63,53.9,27.56,60.8,2.24
139,Ribeira Grande,40,PT,1563026996,88,38.52,-28.7,75.2,9.17
140,Linhares,0,BR,1563026998,43,-19.38,-40.06,81.1,4.23
141,Verkhoturye,100,RU,1563026999,55,58.86,60.81,80.02,12.44
142,Qaqortoq,20,GL,1563026925,58,60.72,-46.03,57.2,6.93
143,Yellowknife,20,CA,1563027001,76,62.45,-114.38,50.0,4.9
144,Daru,100,PG,1563027003,90,-9.07,143.21,72.82,8.08
145,Tasiilaq,40,GL,1563027004,86,65.61,-37.64,41.0,10.29
146,Longyearbyen,75,NO,1563026909,80,78.22,15.63,41.0,8.05
147,Carnarvon,0,ZA,1563026883,16,-30.97,22.13,66.52,11.23
148,Khatanga,23,RU,1563027007,62,71.98,102.47,54.64,3.96
149,Burnie,83,AU,1563027009,88,-41.05,145.91,39.99,1.99
150,Te Anau,100,NZ,1563027010,95,-45.41,167.72,44.92,9.17
151,Rundu,0,NA,1563027011,11,-17.91,19.77,80.6,10.29
152,Ketchikan,1,US,1563027013,100,55.34,-131.65,51.8,3.36
153,Clyde River,20,CA,1563027014,66,70.47,-68.59,53.6,3.36
154,Kahului,20,US,1563027015,83,20.89,-156.47,77.0,14.99
155,Saint-Pierre,75,FR,1563027017,49,48.95,4.24,77.0,12.75
156,Nanortalik,3,GL,1563027018,77,60.14,-45.24,45.82,7.4
157,Druzhba,13,UA,1563027019,54,52.05,33.94,66.52,5.14
158,Taoudenni,43,ML,1563026959,4,22.68,-3.98,117.28,19.98
159,Yulara,0,AU,1563027021,57,-25.24,130.99,50.0,10.29
160,Krasnorechenskiy,100,RU,1563027023,86,44.63,135.35,55.9,1.81
161,New Norfolk,20,AU,1563027024,95,-42.78,147.06,42.8,11.41
162,Hualmay,100,PE,1563026957,82,-11.1,-77.61,62.2,10.76
163,Mecca,0,SA,1563026859,15,21.43,39.83,101.08,16.28
164,Okato,31,NZ,1563027028,97,-39.19,173.88,54.0,15.01
165,Gigmoto,100,PH,1563027029,66,13.78,124.39,83.98,2.89
166,Avarua,100,CK,1563027030,94,-21.21,-159.78,68.0,2.24
167,Viedma,67,AR,1563027032,50,-40.81,-62.99,52.66,13.02
168,Kourou,61,GF,1563027033,70,5.16,-52.64,84.2,5.82
169,Kodiak,1,US,1563026893,83,39.95,-94.76,79.0,4.7
170,Cabo San Lucas,5,MX,1563026789,65,22.89,-109.91,81.0,11.41
171,Tomohon,40,ID,1563026944,73,1.33,124.84,77.0,4.7
172,Deputatskiy,100,RU,1563027038,92,69.3,139.9,49.6,2.04
173,Sao Raimundo das Mangabeiras,100,BR,1563027039,42,-7.02,-45.48,88.12,12.06
174,Iqaluit,40,CA,1563027040,81,63.75,-68.52,50.0,3.36
175,Touros,75,BR,1563026955,69,-5.2,-35.46,82.4,14.99
176,Puerto Leguizamo,32,CO,1563027043,78,-0.19,-74.78,80.56,1.81
177,Garachine,99,PA,1563027044,73,8.06,-78.36,81.64,3.56
178,Beaufort,75,MY,1563027045,83,5.36,115.76,78.8,3.36
179,Sitka,0,US,1563027047,78,37.17,-99.65,73.0,4.0
180,Yongan,55,CN,1563027048,61,39.7,113.69,67.96,1.5
181,Jalingo,0,NG,1563027049,41,10.3,10.93,90.64,6.82
182,Bouca,96,CF,1563027051,81,6.51,18.28,80.38,3.24
183,Dikson,77,RU,1563027052,93,73.51,80.55,33.04,5.53
184,Ornskoldsvik,100,SE,1563027053,48,63.29,18.72,69.8,12.75
185,Vardo,1,US,1563027055,61,39.62,-77.74,81.0,6.93
186,Ouesso,90,CG,1563027056,60,1.61,16.05,84.52,3.04
187,Norman Wells,40,CA,1563027057,81,65.28,-126.83,46.4,5.82
188,Karasjok,0,NO,1563026934,58,69.47,25.52,55.4,16.11
189,Pisco,90,PE,1563027060,30,-13.71,-76.2,71.6,4.7
190,Saint-Leu,90,RE,1563027061,56,-21.15,55.28,73.4,9.17
191,Novi Bilokorovychi,99,UA,1563027062,71,51.12,28.05,66.88,4.76
192,Verkh-Usugli,5,RU,1563027064,93,52.7,115.17,57.16,2.3
193,Broome,75,GB,1563026920,68,52.47,1.45,72.0,8.05
194,Rubiataba,0,BR,1563027066,28,-15.16,-49.8,88.12,5.68
195,Guarapari,0,BR,1563027067,57,-20.67,-40.5,80.01,8.05
196,Sayanogorsk,100,RU,1563027069,95,53.09,91.41,60.58,1.72
197,Torbay,75,CA,1563026896,77,47.66,-52.73,64.0,9.17
198,Port Moresby,100,PG,1563027071,88,-9.47,147.16,75.16,10.96
199,Nabire,100,ID,1563027073,97,-3.36,135.5,66.34,4.16
200,Souillac,0,FR,1563027074,37,45.6,-0.6,84.99,8.05
201,Cadillac,1,US,1563027075,65,44.25,-85.4,78.01,4.7
202,Pangkalanbuun,100,ID,1563027077,93,-2.68,111.62,71.56,2.91
203,San Patricio,100,PY,1563026834,77,-26.98,-56.83,67.06,3.85
204,Amahai,89,ID,1563027079,87,-3.31,129.0,79.0,13.09
205,Sao Filipe,60,CV,1563027064,82,14.9,-24.5,73.54,19.84
206,Hasaki,90,JP,1563027081,100,35.73,140.83,73.4,5.82
207,Puerto Ayora,20,EC,1563026900,83,-0.74,-90.35,70.0,2.24
208,Kokopo,64,PG,1563027084,95,-4.34,152.27,68.86,3.22
209,Albertville,0,FR,1563027085,32,45.68,6.39,82.4,9.17
210,Makat,33,KZ,1563027087,31,47.65,53.35,89.38,11.7
211,Chuy,93,UY,1563027088,79,-33.69,-53.46,55.36,10.42
212,Komsomolskiy,100,RU,1563027089,59,67.55,63.78,65.62,11.3
213,Coihaique,75,CL,1563027091,100,-45.58,-72.07,33.8,2.24
214,Ponta do Sol,0,BR,1563027092,38,-20.63,-46.0,78.4,1.3
215,Ulaangom,25,MN,1563027093,73,49.98,92.07,60.22,1.48
216,Luderitz,0,NA,1563026926,46,-26.65,15.16,73.4,8.05
217,Fare,2,PF,1563027096,81,-16.7,-151.02,76.6,4.79
218,Puksoozero,94,RU,1563027097,65,62.59,40.61,58.6,5.08
219,Boddam,75,GB,1563027098,77,57.47,-1.78,64.99,16.11
220,Vila Franca do Campo,20,PT,1563027100,83,37.72,-25.43,71.6,12.75
221,Katsuura,75,JP,1563027101,94,33.93,134.5,71.6,6.93
222,Salalah,90,OM,1563026884,94,17.01,54.1,80.6,9.17
223,Sinnamary,8,GF,1563027103,78,5.38,-52.96,80.2,13.87
224,Mbanza-Ngungu,43,CD,1563027105,39,-5.25,14.87,88.66,3.22
225,Saint-Augustin,90,CA,1563027106,93,45.63,-73.98,77.0,6.93
226,Alice Springs,0,AU,1563026847,61,-23.7,133.88,50.0,10.29
227,Yilan,18,CN,1563027108,98,43.11,129.52,56.98,3.78
228,San Antonio,75,CL,1563026812,100,-33.58,-71.61,42.8,4.7
229,Gambissara,100,SN,1563027111,40,13.24,-14.31,97.66,2.93
230,Ishigaki,98,JP,1563027112,82,24.34,124.16,84.88,23.24
231,Kant,0,KG,1563027113,31,42.89,74.85,91.4,6.71
232,Geraldton,75,CA,1563026905,77,49.72,-86.95,59.0,14.99
233,Dunedin,100,NZ,1563027116,73,-45.87,170.5,51.01,7.0
234,Ninghai,75,CN,1563027117,94,29.29,121.42,77.0,4.47
235,Birao,66,CF,1563027118,52,10.3,22.78,88.12,4.07
236,Naze,90,NG,1563027119,78,5.43,7.07,81.28,5.82
237,Majene,93,ID,1563026962,73,-3.54,118.97,81.1,20.33
238,Porto Novo,2,BR,1563027122,72,-23.68,-45.44,62.6,2.53
239,Qaanaaq,5,GL,1563027123,54,77.48,-69.36,47.44,11.74
240,Pechenga,38,RU,1563027124,53,58.89,41.46,63.28,4.76
241,Cidreira,91,BR,1563027125,85,-30.17,-50.22,65.62,6.85
242,Muravlenko,100,RU,1563027127,43,63.79,74.5,68.86,7.0
243,Bethel,90,US,1563027128,100,60.79,-161.76,55.4,4.16
244,Imbituba,0,BR,1563027073,88,-28.24,-48.67,64.4,6.93
245,Erenhot,96,CN,1563027130,25,43.65,111.97,82.36,11.83
246,Srivardhan,54,IN,1563027132,86,18.03,73.02,81.1,7.14
247,Baltiysk,0,RU,1563027133,63,54.66,19.91,66.2,13.42
248,Gallup,1,US,1563027134,50,35.53,-108.74,59.0,7.87
249,Velsk,98,RU,1563027135,64,61.07,42.1,60.76,4.47
250,Sanbu,0,CN,1563027137,86,33.46,119.15,72.64,6.89
251,Suntar,71,RU,1563027138,85,62.16,117.65,61.66,5.14
252,Port Hardy,90,CA,1563027139,93,50.7,-127.42,57.2,1.59
253,Ezequiel Montes,75,MX,1563027140,87,20.66,-99.9,59.0,4.7
254,Port-Gentil,20,GA,1563027142,69,-0.72,8.78,82.4,13.87
255,Baruun-Urt,0,MN,1563027143,50,46.68,113.28,67.06,7.56
256,Nakusp,100,CA,1563027144,96,50.24,-117.8,55.99,1.1
257,Isangel,88,VU,1563027146,78,-19.55,169.27,74.26,7.25
258,Larreynaga,40,NI,1563027147,74,12.68,-86.57,78.8,4.0
259,Olden,20,NO,1563027148,59,61.84,6.81,64.4,8.05
260,Chimbote,100,PE,1563027149,89,-9.08,-78.59,62.38,10.02
261,Novita,48,CO,1563027151,75,4.96,-76.61,84.7,0.6
262,Port Augusta,0,AU,1563026971,93,-32.49,137.76,39.2,3.36
263,Kruisfontein,0,ZA,1563027153,79,-34.0,24.73,58.06,4.27
264,Novobirilyussy,1,RU,1563027154,59,56.95,90.69,64.9,3.74
265,Sandy Bay,20,AU,1563027155,95,-42.9,147.33,42.8,11.41
266,Prokopyevsk,100,RU,1563027157,66,53.89,86.74,66.52,11.18
267,Samarai,100,PG,1563027158,94,-10.62,150.67,73.9,7.18
268,Guerrero Negro,0,MX,1563027159,90,27.97,-114.04,66.34,8.97
269,Hengyang,100,CN,1563027161,98,26.89,112.6,72.1,1.79
270,Ardakan,40,IR,1563027162,12,32.31,54.02,105.8,6.93
271,Ahipara,100,NZ,1563027163,84,-35.17,173.16,61.84,30.31
272,Gladstone,100,AU,1563027164,36,-23.84,151.26,64.4,8.05
273,Trofors,75,NO,1563027166,87,65.54,13.39,57.2,5.82
274,Sorong,100,ID,1563027167,85,-0.86,131.25,73.36,8.34
275,Ilulissat,20,GL,1563027168,66,69.22,-51.1,48.2,5.82
276,Saint George,20,GR,1563027169,48,39.45,22.34,87.8,13.87
277,Chuka,58,KE,1563027170,68,-0.33,37.65,69.94,2.66
278,Bacabal,42,BR,1563027172,61,-4.23,-44.78,85.6,7.45
279,Margate,20,AU,1563027173,95,-43.03,147.26,42.8,11.41
280,Giresun,75,TR,1563027174,69,40.91,38.39,73.4,9.17
281,Pailitas,100,CO,1563027176,67,8.96,-73.63,85.78,4.12
282,Hithadhoo,2,MV,1563027115,77,-0.6,73.08,84.52,13.18
283,Klaksvik,70,FO,1563027178,100,62.23,-6.59,51.8,10.29
284,Beringovskiy,95,RU,1563027179,71,63.05,179.32,61.66,2.3
285,Bilibino,2,RU,1563027180,84,68.06,166.44,53.92,1.97
286,Reconquista,100,AR,1563027182,82,-29.14,-59.64,62.02,7.9
287,Nikolskoye,40,RU,1563026913,52,59.7,30.79,64.4,11.18
288,Axim,49,GH,1563027184,82,4.87,-2.24,76.42,13.27
289,Kitami,24,JP,1563027185,98,43.8,143.9,55.9,4.09
290,Ucluelet,90,CA,1563027187,100,48.94,-125.55,59.0,4.7
291,Narsaq,20,GL,1563026932,58,60.91,-46.05,57.2,6.93
292,Wuwei,100,CN,1563027189,31,37.93,102.64,71.56,8.57
293,Ephrata,1,US,1563027190,43,47.32,-119.55,69.8,10.29
294,Sabang,100,PH,1563027192,95,13.8,121.11,73.9,1.21
295,Kalaleh,90,IR,1563027193,66,37.38,55.49,87.8,11.41
296,Waipawa,100,NZ,1563027194,71,-39.94,176.59,55.0,7.0
297,Great Yarmouth,75,GB,1563027195,68,52.61,1.73,71.01,8.05
298,Kununurra,11,AU,1563027196,17,-15.77,128.74,75.2,8.05
299,Poum,75,MK,1563027198,47,41.28,20.71,75.2,6.93
300,Koslan,76,RU,1563027199,49,63.46,48.9,64.54,2.21
301,Maceio,43,BR,1563027200,70,-9.67,-35.74,80.74,7.72
302,Tautira,0,PF,1563027049,83,-17.73,-149.15,73.4,6.93
303,Warwick,20,US,1563026946,61,41.7,-71.42,81.0,11.41
304,Rupert,1,US,1563027204,87,42.62,-113.68,69.01,3.36
305,Pangai,14,TO,1563027205,81,-19.8,-174.35,73.0,25.95
306,Ust-Kuyga,100,RU,1563027206,60,70.0,135.55,51.76,6.67
307,Onega,98,RU,1563027208,84,63.91,38.09,54.1,6.76
308,Howard Springs,0,AU,1563027209,78,-12.5,131.05,71.6,1.12
309,Kutum,100,SD,1563027210,43,14.2,24.66,82.0,14.32
310,Saint-Joseph,0,FR,1563027212,66,43.56,6.97,96.8,8.05
311,Los Alamos,35,US,1563027213,33,35.88,-106.3,75.99,1.48
312,Qasigiannguit,20,GL,1563027214,66,68.82,-51.19,48.2,5.82
313,Sioux Lookout,20,CA,1563027215,72,50.1,-91.92,64.4,5.82
314,Stephenville,90,CA,1563027217,77,48.55,-58.59,60.8,4.7
315,Mar del Plata,100,AR,1563027218,63,-46.43,-67.52,45.82,10.09
316,Mumford,29,GH,1563027219,71,5.26,-0.76,80.74,10.18
317,Altamont,1,CA,1563027220,100,49.4,-98.5,69.8,5.97
318,Kushima,100,JP,1563027093,96,31.5,131.29,75.7,6.55
319,Khani,75,GE,1563027223,83,41.96,42.96,69.8,5.82
320,Guepsa,32,CO,1563027224,70,6.03,-73.57,73.72,4.09
321,Orlik,20,PL,1563027225,63,53.95,17.74,72.0,12.75
322,Beatrice,1,US,1563027227,74,40.27,-96.75,80.01,6.93
323,Esperance,40,AU,1563027228,81,-33.86,121.89,50.0,5.82
324,Conceicao do Mato Dentro,0,BR,1563027229,42,-19.04,-43.42,76.96,2.35
325,Dingle,100,PH,1563027230,89,11.0,122.67,74.44,3.38
326,Kpandae,96,GH,1563027232,62,8.46,-0.01,85.06,7.56
327,Inhambane,40,MZ,1563027233,57,-23.87,35.38,80.6,11.41
328,Sai Buri,33,TH,1563027234,93,6.7,101.62,74.98,1.57
329,Talara,0,PE,1563027235,290,-4.58,-81.27,62.6,20.8
330,Pareora,100,NZ,1563027237,84,-44.49,171.21,46.99,2.44
331,Pangnirtung,61,CA,1563027238,53,66.15,-65.72,52.84,5.14
332,Swift Current,1,CA,1563027239,93,50.29,-107.8,60.8,6.93
333,Baykit,100,RU,1563027241,97,61.68,96.39,57.88,2.71
334,Yenagoa,100,NG,1563027242,82,4.92,6.26,79.48,7.38
335,Kathmandu,75,NP,1563027243,94,27.71,85.32,71.6,3.36
336,Barcelos,11,BR,1563027244,59,-0.97,-62.93,86.32,5.46
337,Nikolayevskaya,75,RU,1563027246,68,43.22,44.21,71.6,2.24
338,Necochea,29,AR,1563027247,89,-38.55,-58.74,48.99,1.99
339,Yumen,2,CN,1563027248,35,40.29,97.04,73.36,13.18
340,Gorontalo,86,ID,1563027250,81,0.54,123.06,73.0,7.07
341,Cairns,2,AU,1563027125,82,-16.92,145.77,60.8,3.36
342,Basco,1,US,1563027252,78,40.33,-91.2,81.0,6.93
343,Henties Bay,0,NA,1563027253,91,-22.12,14.28,55.99,5.01
344,Nuuk,90,GL,1563027234,93,64.17,-51.74,44.6,12.75
345,Lata,79,IN,1563027256,92,30.78,78.62,44.02,5.37
346,Hami,24,CN,1563027257,27,42.84,93.51,82.18,8.25
347,Rumuruti,99,KE,1563027258,67,0.26,36.54,66.88,3.56
348,Jiutai,0,CN,1563027259,82,44.15,125.84,68.0,2.24
349,Mount Gambier,75,AU,1563027260,75,-37.83,140.78,46.4,12.75
350,Guhagar,96,IN,1563027262,86,17.48,73.19,82.18,9.01
351,Matagami,78,NG,1563027263,69,9.67,8.4,79.3,4.45
352,Sampit,91,ID,1563027264,97,-2.54,112.95,71.02,2.62
353,Pizarro,67,CO,1563027266,79,4.95,-77.37,79.84,3.02
354,Northam,0,AU,1563027267,66,-31.65,116.67,55.4,9.17
355,Boa Vista,40,BR,1563027268,70,2.82,-60.67,84.2,11.41
356,Rio Gallegos,90,AR,1563026979,87,-51.62,-69.22,42.8,12.75
357,Havoysund,0,NO,1563027271,66,71.0,24.66,51.8,17.22
358,Salinopolis,11,BR,1563027272,77,-0.61,-47.36,81.64,15.95
359,Vestmannaeyjar,90,IS,1563027273,100,63.44,-20.27,53.6,6.93
360,Labuhan,71,ID,1563027275,92,-2.54,115.51,71.2,2.1
361,Ulladulla,0,AU,1563027276,58,-35.36,150.48,48.99,18.34
362,Ban Nahin,96,LA,1563027042,98,18.24,104.21,74.26,2.51
363,Buin,0,CL,1563027278,93,-33.73,-70.74,37.4,2.24
364,Hambantota,0,LK,1563027280,88,6.12,81.12,82.4,8.05
365,Along,100,IN,1563027281,100,28.17,94.8,59.5,1.97
366,Ventspils,0,LV,1563027282,72,57.39,21.56,64.4,12.75
367,Filadelfia,100,PY,1563027284,59,-22.35,-60.04,74.8,3.74
368,Lompoc,90,US,1563027285,93,34.64,-120.46,57.2,3.36
369,La Gomera,90,GT,1563027286,94,14.09,-91.05,80.6,4.16
370,Araceli,100,PH,1563027287,97,10.55,119.99,74.08,1.36
371,Sangar,19,RU,1563027289,68,63.92,127.47,66.52,1.28
372,Peleduy,27,RU,1563027290,95,59.63,112.75,55.54,1.19
373,Kaura Namoda,59,NG,1563027291,37,12.59,6.58,91.54,6.02
374,Ileza,76,RU,1563027293,54,61.05,43.9,62.92,3.44
375,Biltine,48,TD,1563027294,23,14.53,20.93,98.38,6.67
376,Chivay,0,PE,1563027295,26,-15.64,-71.6,48.16,4.5
377,Rajmahal,100,IN,1563027297,83,25.05,87.83,82.9,4.85
378,Boguchany,0,RU,1563027298,59,58.38,97.46,64.0,0.69
379,Seddon,20,AU,1563027299,86,-37.81,144.89,46.0,11.41
380,Mtwara,34,TZ,1563027300,55,-10.28,40.18,77.32,10.56
381,Emba,75,CY,1563027071,69,34.81,32.42,84.2,12.75
382,Porto Walter,0,BR,1563027303,54,-8.27,-72.74,85.96,2.71
383,Ilinskiy,75,RU,1563027304,52,55.62,38.12,64.4,4.47
384,Bolobo,95,CD,1563027306,44,-2.17,16.23,87.76,5.01
385,Aktau,40,KZ,1563027308,51,43.65,51.16,84.2,15.66
386,Tazovskiy,67,RU,1563027310,65,67.47,78.7,49.6,9.44
387,Marivan,0,IR,1563027311,12,35.52,46.18,89.56,12.57
388,Petropavlovsk-Kamchatskiy,75,RU,1563027312,100,53.05,158.65,44.6,2.24
389,Buraydah,0,SA,1563027313,15,26.33,43.97,105.8,13.87
390,New Bern,40,US,1563027065,74,35.11,-77.04,89.01,6.93
391,Mildura,0,AU,1563027316,87,-34.18,142.16,42.8,6.93
392,Pringsewu,6,ID,1563027317,96,-5.36,104.98,68.86,1.23
393,Tura,100,RU,1563027319,86,64.27,100.22,58.6,1.66
394,Clarence Town,0,AU,1563027320,60,-32.59,151.78,51.01,13.87
395,Scarborough,55,GB,1563027082,72,54.28,-0.41,71.01,4.7
396,Svobodnyy,68,RU,1563027322,69,53.85,40.53,65.8,7.02
397,Paddhari,89,IN,1563027324,61,22.44,70.6,91.99,20.54
398,Xinan,20,CN,1563027325,74,22.55,113.89,86.0,12.75
399,Ginir,99,ET,1563027326,84,7.14,40.71,63.82,6.78
400,Manakara,0,MG,1563027327,78,-22.14,48.01,65.44,3.62
401,Haukipudas,75,FI,1563027329,54,65.17,25.5,60.01,10.29
402,Jalu,0,LY,1563027330,12,29.03,21.55,100.18,15.82
403,Killybegs,75,IE,1563027331,72,54.63,-8.45,62.01,9.17
404,Sur,10,OM,1563027332,64,22.57,59.53,85.78,20.07
405,Mandera,51,ET,1563027334,37,3.94,41.86,89.2,20.29
406,Portales,1,US,1563027335,73,34.19,-103.33,78.01,5.82
407,Leipzig,40,DE,1563027303,56,51.34,12.38,78.01,10.29
408,Vao,62,EE,1563027337,45,59.1,26.19,64.18,8.59
409,Clarksburg,1,US,1563027339,65,39.24,-77.28,82.0,6.93
410,Nemuro,100,JP,1563027340,96,43.32,145.57,54.82,15.59
411,Bana,72,CM,1563027341,85,5.14,10.29,75.16,1.81
412,Saldanha,34,PT,1563027330,36,41.42,-6.55,83.8,20.11
413,Boyolangu,0,ID,1563027343,92,-8.09,111.9,64.36,6.24
414,Voyvozh,100,RU,1563027345,96,62.89,54.96,56.08,7.07
415,Bronnoysund,75,NO,1563027346,87,65.46,12.2,57.2,5.82
416,Chicama,90,PE,1563027348,88,-7.84,-79.15,62.6,8.05
417,Lakes Entrance,0,AU,1563027349,80,-37.88,147.99,46.0,3.0
418,Kavieng,89,PG,1563027350,82,-2.57,150.8,82.0,12.75
419,Goose Creek,20,US,1563027352,50,38.32,-85.65,80.6,5.82
420,Wladyslawowo,20,PL,1563027353,63,54.79,18.4,70.0,12.75
421,Zeya,0,RU,1563027354,82,53.74,127.27,59.14,1.52
422,Wattegama,82,LK,1563027355,89,7.35,80.68,74.98,2.28
423,Port Pirie,0,AU,1563027357,93,-33.18,138.01,39.2,3.36
424,Mikumi,0,TZ,1563027358,47,-7.4,36.98,75.52,5.12
425,Chingirlau,100,KZ,1563027359,61,51.09,54.08,81.46,9.66
426,Sungairaya,74,ID,1563027360,78,0.7,108.9,83.08,20.04
427,Nuevo Progreso,1,US,1563027362,69,26.05,-97.95,88.0,5.82
428,Caucaia,75,BR,1563027363,83,-3.73,-38.66,86.0,8.05
429,Adrar,0,DZ,1563027364,4,27.87,-0.29,116.6,14.99
430,Tapa,0,EE,1563027365,32,59.27,25.96,66.2,6.93
431,Elizabeth City,75,US,1563027222,74,36.3,-76.22,88.0,5.82
432,Te Kauwhata,100,NZ,1563027368,93,-37.4,175.15,55.99,6.93
433,Ambilobe,85,MG,1563027369,55,-13.19,49.05,76.42,6.17
434,Marica,0,BR,1563027357,73,-22.92,-42.82,78.8,5.82
435,Sao Miguel do Araguaia,0,BR,1563027372,23,-13.28,-50.16,94.42,6.17
436,Carbonia,0,IT,1563027373,30,39.17,8.53,95.0,19.46
437,Rawson,100,AR,1563027374,49,-43.3,-65.11,50.5,18.84
438,Sao Joao da Barra,0,BR,1563027376,53,-21.64,-41.05,75.2,11.41
439,Aswan,0,EG,1563027377,8,24.09,32.9,111.2,11.41
440,Vulcan,99,CA,1563027378,77,50.4,-113.26,66.99,5.99
441,Bud,75,NO,1563027379,76,62.91,6.91,59.0,9.17
442,Kangaatsiaq,100,GL,1563027381,87,68.31,-53.46,42.94,6.24
443,Giyani,0,ZA,1563027382,36,-23.32,30.73,72.1,5.53
444,Goderich,64,CA,1563027383,64,43.74,-81.71,79.0,13.0
445,Mawlaik,100,MM,1563027384,92,23.63,94.42,71.02,4.12
446,Madang,50,CN,1563027386,83,35.32,102.79,39.7,3.38
447,Port-Cartier,90,CA,1563027387,100,50.03,-66.88,55.99,9.17
448,Molina,59,CL,1563027388,100,-35.11,-71.28,41.0,3.36
449,Summerland,75,CA,1563027227,72,49.6,-119.67,68.0,4.7
450,Altay,62,CN,1563027391,60,47.83,88.13,54.28,5.23
451,Dwarka,40,IN,1563027392,35,28.58,77.04,100.4,9.17
452,Kargasok,74,RU,1563027393,86,59.06,80.87,69.58,4.83
453,Yermakovskoye,100,RU,1563027394,91,53.28,92.4,61.84,1.39
454,Indiaroba,50,BR,1563027395,62,-11.53,-37.51,81.28,9.48
455,Iracoubo,21,GF,1563027397,84,5.48,-53.21,80.74,6.89
456,Dong Hoi,100,VN,1563027398,71,17.48,106.6,82.36,5.06
457,Lukang,40,TW,1563027400,78,24.06,120.44,86.0,11.41
458,Raton,1,US,1563027401,55,36.9,-104.44,73.4,4.7
459,Santo Antonio do Ica,39,BR,1563027402,62,-3.1,-67.94,85.24,4.34
460,Cobija,75,BR,1563027403,83,-11.02,-68.77,77.0,2.95
461,Valparaiso,20,US,1563027405,61,41.47,-87.06,82.99,6.93
462,Koumac,97,NC,1563027406,72,-20.56,164.28,71.92,4.99
463,Tselinnoye,0,UA,1563027407,47,45.9,34.18,75.34,13.4
464,Mareeba,0,AU,1563027408,82,-16.99,145.42,60.8,3.36
465,Nadym,100,RU,1563027409,52,65.53,72.51,64.9,10.51
466,Okha,13,RU,1563027411,94,53.59,142.95,47.08,12.01
467,Fuerte Olimpo,100,BR,1563027412,46,-21.04,-57.87,77.86,3.98
468,Timizart,52,DZ,1563027413,80,36.8,4.25,75.34,9.28
469,Christchurch,35,NZ,1563027415,51,-43.53,172.64,59.0,18.34
470,Byron Bay,29,AU,1563027416,54,-28.65,153.62,59.0,10.29
471,Piracaia,66,BR,1563027417,60,-23.05,-46.36,68.0,3.36
472,Vanavara,1,RU,1563027418,64,60.35,102.28,64.54,1.74
473,Elat,9,CM,1563027419,89,2.91,11.16,74.98,4.45
474,Porangatu,0,BR,1563027421,24,-13.44,-49.14,91.72,5.1
475,Bereda,20,ES,1563027422,73,43.27,-7.54,75.2,5.82
476,Marseille,0,FR,1563027423,25,43.3,5.37,97.0,26.4
477,Filingue,40,NE,1563027424,34,14.35,3.32,95.68,10.25
478,Pa Sang,75,TH,1563027426,58,18.53,98.94,89.01,10.29
479,Pasni,47,PK,1563027427,77,25.26,63.48,82.36,13.85
480,Padang,1,ID,1563027376,78,-0.92,100.36,83.44,11.45
481,Ambon,0,FR,1563027430,50,47.55,-2.56,84.0,10.29
482,Porto Belo,0,BR,1563027431,77,-27.15,-48.54,73.99,5.82
483,Kyrksaeterora,75,NO,1563027432,66,63.29,9.09,59.0,6.55
484,Beruwala,68,LK,1563027434,80,6.48,79.98,83.26,11.81
485,Amposta,20,ES,1563027435,54,40.71,0.58,87.01,9.17
486,Sibi,48,PK,1563027436,24,29.55,67.88,104.5,3.87
487,Iseyin,39,NG,1563027437,65,7.97,3.6,83.26,7.02
488,Russellville,20,US,1563027362,69,35.28,-93.13,84.0,6.93
489,Marzuq,98,YE,1563027440,20,14.4,46.47,91.9,5.82
490,Sao Joaquim,5,BR,1563027441,99,-28.29,-49.93,66.0,1.01
491,Kihei,20,US,1563027442,83,20.76,-156.45,77.0,14.99
492,Begusarai,93,IN,1563027443,85,25.41,86.13,82.36,6.85
493,Punta Alta,75,AR,1563027445,56,-27.46,-55.82,69.8,14.99
494,Hays,1,US,1563027333,69,38.88,-99.33,79.0,13.87
495,Sondrio,40,IT,1563027447,42,46.17,9.88,86.0,8.05
496,Srandakan,0,ID,1563027448,79,-7.94,110.25,75.52,16.67
497,Malanje,75,AO,1563027450,69,-9.54,16.35,80.6,5.82
498,Kathu,0,ZA,1563027451,17,-27.7,23.05,75.0,8.28
499,Ust-Koksa,41,RU,1563027452,97,50.27,85.62,48.16,5.99
500,Saint Anthony,1,US,1563027453,67,43.97,-111.68,63.0,4.7
501,The Valley,40,AI,1563027278,69,18.22,-63.06,86.0,17.22
502,Hofn,90,IS,1563027456,87,64.25,-15.21,55.4,8.05
503,Buta,100,CD,1563027457,88,2.79,24.73,78.94,1.72
504,Laguna,40,BZ,1563027435,94,16.17,-88.94,78.8,1.63
505,Tanabe,100,JP,1563027459,95,33.73,135.39,73.72,27.76
506,Ugoofaaru,67,MV,1563027319,73,5.67,73.0,84.16,6.11
507,Lolodorf,49,CM,1563027462,89,3.23,10.73,77.14,4.03
508,Honiara,40,SB,1563027463,100,-9.43,159.96,75.2,4.92
509,Freeport,40,BS,1563027464,74,26.54,-78.7,86.0,6.93
510,Conchal,0,BR,1563027466,63,-22.34,-47.17,64.4,1.12
511,Haines Junction,100,CA,1563027467,83,60.75,-137.51,46.36,3.29
512,Manaure,20,CO,1563027468,70,11.78,-72.45,84.2,17.22
513,Skegness,75,GB,1563027469,68,53.14,0.34,70.0,9.17
514,San Felipe,0,CL,1563027411,99,-32.75,-70.73,51.01,1.01
515,Darnah,0,LY,1563027472,77,32.77,22.64,78.4,14.09
516,Rome,0,IT,1563027387,58,41.89,12.48,86.0,11.41
517,Gabu,98,CN,1563027474,85,34.78,103.0,42.94,4.5
518,Mahebourg,75,MU,1563027401,56,-20.41,57.7,71.6,8.05
519,Banda Aceh,9,ID,1563027409,75,5.56,95.32,84.52,11.56
520,Kilemary,59,RU,1563027478,85,56.78,46.86,66.16,2.86
521,Paita,0,PE,1563027479,290,-5.09,-81.11,62.6,20.8
522,Ibra,6,OM,1563027480,25,22.69,58.55,94.42,17.78
523,Kysyl-Syr,58,RU,1563027482,69,63.9,122.77,68.86,1.57
524,Muzhi,100,RU,1563027483,87,65.4,64.7,58.42,14.2
525,Luang Prabang,90,LA,1563027484,88,19.89,102.14,77.0,2.24
526,Vanimo,2,PG,1563027485,71,-2.67,141.3,82.9,5.3
527,Mirnyy,97,RU,1563027487,64,56.57,36.46,63.46,5.3
528,Tete,0,MZ,1563027488,34,-16.16,33.59,82.4,10.29
529,Acapulco,90,MX,1563027337,78,16.86,-99.88,78.8,3.36
530,Soria,71,ES,1563027336,62,41.76,-2.46,69.76,9.44
531,Teknaf,100,BD,1563027492,86,20.86,92.31,82.72,14.07
